engine,repeat,seconds,peak_rss_mib,exit_code,result_count
cppkh,1,2.068849000,86.898438,0,5
quick_cppkh,1,0.583947900,33.363281,0,5
cppkh,2,2.056644700,86.886719,0,5
quick_cppkh,2,0.572184100,33.406250,0,5
cppkh,3,2.030777400,86.835938,0,5
quick_cppkh,3,0.582623000,33.511719,0,5
cppkh,4,2.072640500,86.738281,0,5
quick_cppkh,4,0.573213700,33.472656,0,5
cppkh,5,2.027057300,86.867188,0,5
quick_cppkh,5,0.577455000,33.324219,0,5
