engine,repeat,seconds,peak_rss_mib,exit_code,result_count
cppkh,1,15.057927000,88.175781,0,100
quick_cppkh,1,14.986408600,117.804688,0,100
quick_cppkh_interface,1,15.223837700,152.640625,0,100
cppkh,2,15.012048800,88.156250,0,100
quick_cppkh,2,15.017759100,118.039062,0,100
quick_cppkh_interface,2,15.151334000,151.585938,0,100
cppkh,3,14.920071700,88.242188,0,100
quick_cppkh,3,15.263565100,117.640625,0,100
quick_cppkh_interface,3,15.322674100,151.085938,0,100
cppkh,4,15.051395800,88.250000,0,100
quick_cppkh,4,15.124175400,118.121094,0,100
quick_cppkh_interface,4,15.338048100,150.625000,0,100
cppkh,5,15.202821900,88.242188,0,100
quick_cppkh,5,15.156542800,117.656250,0,100
quick_cppkh_interface,5,15.234423400,151.507812,0,100
