engine,repeat,seconds,peak_rss_mib,exit_code,result_count
cppkh,1,2.078715300,86.812500,0,5
quick_cppkh,1,0.583450600,33.378906,0,5
quick_cppkh_interface,1,0.840847000,67.578125,0,5
cppkh,2,2.088170500,86.890625,0,5
quick_cppkh,2,0.587108300,33.488281,0,5
quick_cppkh_interface,2,0.824478100,66.050781,0,5
cppkh,3,2.074175100,87.011719,0,5
quick_cppkh,3,0.640626900,33.335938,0,5
quick_cppkh_interface,3,0.762143700,65.597656,0,5
cppkh,4,2.091792800,86.843750,0,5
quick_cppkh,4,0.633426100,33.542969,0,5
quick_cppkh_interface,4,0.752702400,66.066406,0,5
cppkh,5,2.081888800,86.847656,0,5
quick_cppkh,5,0.639234700,33.281250,0,5
quick_cppkh_interface,5,0.823259700,65.792969,0,5
