engine,repeat,seconds,exit_code,result_count
cppkh,1,2.077952500,0,5
quick_cppkh,1,0.578576900,0,5
cppkh,2,2.096811200,0,5
quick_cppkh,2,0.582032600,0,5
cppkh,3,2.096003300,0,5
quick_cppkh,3,0.583050200,0,5
cppkh,4,1.911956400,0,5
quick_cppkh,4,0.572169900,0,5
cppkh,5,2.103865100,0,5
quick_cppkh,5,0.574161400,0,5
